rank,country,region,score,ci_low,ci_high,gdp,social,health,freedom,generosity,corruption,residual
1,Finland,Europe & Central Asia,7.764,7.69,7.837,1.915,1.638,0.939,1.105,0.093,0.491,0.422
2,Iceland,Europe & Central Asia,7.54,7.449,7.63,1.971,1.72,0.996,1.105,0.187,0.187,0.213
3,Denmark,Europe & Central Asia,7.539,7.446,7.631,1.986,1.633,0.93,1.081,0.125,0.474,0.15
4,Costa Rica,Latin America & Caribbean,7.439,7.356,7.522,1.697,1.483,0.739,1.101,0.059,0.122,1.076
5,Sweden,Europe & Central Asia,7.255,7.172,7.337,1.95,1.57,1.027,1.07,0.149,0.447,-0.119
6,Norway,Europe & Central Asia,7.242,7.156,7.327,2.057,1.626,0.983,1.092,0.157,0.413,-0.247
7,Netherlands,Europe & Central Asia,7.223,7.153,7.293,1.983,1.539,0.922,1.0,0.175,0.349,0.095
8,Israel,Middle East & North Africa,7.187,7.119,7.254,1.867,1.606,0.925,0.863,0.139,0.196,0.432
9,Luxembourg,Europe & Central Asia,7.063,6.971,7.154,2.162,1.465,0.981,1.056,0.111,0.382,-0.253
10,Switzerland,Europe & Central Asia,7.018,6.937,7.099,2.028,1.534,1.017,1.035,0.148,0.452,-0.356
11,New Zealand,East Asia & Pacific,6.995,6.915,7.074,1.876,1.58,0.924,1.034,0.155,0.422,-0.157
12,Mexico,Latin America & Caribbean,6.972,6.885,7.06,1.636,1.366,0.631,1.015,0.056,0.128,0.981
13,Ireland,Europe & Central Asia,6.928,6.839,7.018,2.146,1.558,0.936,1.032,0.172,0.364,-0.44
14,Belgium,Europe & Central Asia,6.926,6.859,6.993,1.951,1.52,0.988,0.99,0.107,0.296,-0.086
15,Australia,East Asia & Pacific,6.916,6.833,6.999,1.937,1.497,0.956,0.989,0.159,0.294,-0.075
16,Kosovo,Europe & Central Asia,6.91,6.81,7.01,1.535,1.293,0.907,1.045,0.186,0.082,0.7
17,Germany,Europe & Central Asia,6.882,6.789,6.975,1.948,1.49,0.876,0.948,0.145,0.349,-0.032
18,Slovenia,Europe & Central Asia,6.868,6.783,6.954,1.872,1.594,0.913,1.097,0.108,0.108,0.017
19,Austria,Europe & Central Asia,6.845,6.764,6.927,1.954,1.474,0.926,0.979,0.171,0.285,-0.103
20,Czechia,Europe & Central Asia,6.821,6.739,6.903,1.869,1.594,0.72,1.045,0.106,0.081,0.245
21,United Arab Emirates,Middle East & North Africa,6.821,6.734,6.907,1.98,1.096,0.71,1.071,0.149,0.228,0.427
22,Saudi Arabia,Middle East & North Africa,6.817,6.726,6.907,1.949,1.412,0.831,1.042,0.096,0.196,0.131
23,United States,North America,6.816,6.724,6.908,2.002,1.516,0.678,0.776,0.155,0.155,0.374
24,Poland,Europe & Central Asia,6.768,6.706,6.83,1.851,1.479,0.693,0.945,0.023,0.177,0.44
25,Canada,North America,6.741,6.656,6.826,1.917,1.525,0.955,0.948,0.153,0.321,-0.237
26,Taiwan Province of China,East Asia & Pacific,6.714,6.628,6.8,1.959,1.446,0.933,0.879,0.107,0.179,0.051
27,Belize,Latin America & Caribbean,6.711,6.432,6.989,1.471,1.42,0.609,1.146,0.07,0.08,0.753
28,Lithuania,Europe & Central Asia,6.704,6.606,6.801,1.863,1.555,0.653,0.891,0.049,0.113,0.419
29,United Kingdom,Europe & Central Asia,6.694,6.613,6.776,1.896,1.458,0.888,0.962,0.191,0.291,-0.152
30,Serbia,Europe & Central Asia,6.691,6.607,6.775,1.696,1.543,0.58,0.913,0.124,0.096,0.58
31,Uruguay,Latin America & Caribbean,6.635,6.553,6.717,1.748,1.54,0.525,1.054,0.07,0.194,0.345
32,Brazil,Latin America & Caribbean,6.634,6.54,6.728,1.602,1.396,0.508,0.964,0.081,0.122,0.8
33,Kazakhstan,Europe & Central Asia,6.633,6.555,6.711,1.782,1.599,0.552,0.982,0.117,0.104,0.336
34,Romania,Europe & Central Asia,6.629,6.542,6.715,1.818,1.233,0.608,0.965,0.03,0.034,0.781
35,France,Europe & Central Asia,6.586,6.51,6.662,1.907,1.435,0.95,0.83,0.09,0.24,-0.027
36,Singapore,East Asia & Pacific,6.585,6.497,6.674,2.167,1.471,1.059,0.98,0.145,0.512,-0.908
37,El Salvador,Latin America & Caribbean,6.578,6.461,6.694,1.448,1.086,0.633,1.089,0.047,0.289,0.827
38,Italy,Europe & Central Asia,6.574,6.471,6.678,1.899,1.405,0.975,0.746,0.075,0.067,0.247
39,Panama,Latin America & Caribbean,6.547,6.432,6.661,1.787,1.479,0.818,0.975,0.039,0.042,0.247
40,Kuwait,Middle East & North Africa,6.543,6.432,6.655,1.862,1.316,0.88,1.031,0.11,0.167,0.017
41,Spain,Europe & Central Asia,6.54,6.459,6.62,1.871,1.552,1.036,0.857,0.112,0.167,-0.214
42,Guatemala,Latin America & Caribbean,6.533,6.39,6.676,1.472,1.175,0.38,1.034,0.076,0.094,1.144
43,Malta,Middle East & North Africa,6.436,6.357,6.516,1.942,1.532,0.948,0.977,0.183,0.12,-0.425
44,Argentina,Latin America & Caribbean,6.43,6.337,6.522,1.7,1.517,0.621,0.97,0.052,0.076,0.333
45,Viet Nam,East Asia & Pacific,6.428,6.353,6.504,1.51,1.375,0.698,1.147,0.039,0.207,0.293
46,Estonia,Europe & Central Asia,6.41,6.33,6.49,1.824,1.604,0.692,0.99,0.105,0.353,-0.318
47,Bosnia and Herzegovina,Europe & Central Asia,6.381,6.283,6.478,1.616,1.425,0.678,0.874,0.152,0.024,0.452
48,Latvia,Europe & Central Asia,6.365,6.277,6.454,1.797,1.61,0.512,0.94,0.103,0.097,0.145
49,Jamaica,Latin America & Caribbean,6.305,5.994,6.615,1.445,1.554,0.371,0.966,0.059,0.082,0.667
50,Chile,Latin America & Caribbean,6.302,6.212,6.393,1.73,1.427,0.792,0.926,0.087,0.087,0.094
51,Nicaragua,Latin America & Caribbean,6.301,6.127,6.475,1.32,1.349,0.74,1.03,0.097,0.278,0.327
52,Thailand,East Asia & Pacific,6.296,6.187,6.405,1.632,1.424,0.694,1.087,0.195,0.029,0.074
53,Uzbekistan,Europe & Central Asia,6.283,6.18,6.386,1.415,1.527,0.771,1.085,0.173,0.196,-0.044
54,Slovakia,Europe & Central Asia,6.255,6.189,6.321,1.815,1.63,0.564,0.847,0.056,0.065,0.118
55,Bahrain,Middle East & North Africa,6.254,6.143,6.364,1.93,1.293,0.693,1.055,0.143,0.171,-0.191
56,Philippines,East Asia & Pacific,6.206,6.097,6.315,1.413,1.285,0.286,1.085,0.088,0.095,0.793
57,Paraguay,Latin America & Caribbean,6.198,6.091,6.306,1.547,1.529,0.209,1.039,0.097,0.058,0.559
58,Oman,Middle East & North Africa,6.197,5.973,6.42,1.789,1.286,0.58,1.057,0.132,0.188,0.004
59,Ecuador,Latin America & Caribbean,6.144,6.027,6.261,1.505,1.168,0.835,0.86,0.058,0.085,0.474
60,Montenegro,Europe & Central Asia,6.139,6.057,6.222,1.709,1.485,0.68,0.935,0.073,0.142,-0.045
61,Japan,East Asia & Pacific,6.13,6.048,6.211,1.858,1.414,1.041,0.875,0.019,0.202,-0.438
62,Cyprus,Europe & Central Asia,6.126,6.013,6.24,1.892,1.215,0.953,0.794,0.086,0.07,-0.044
63,Honduras,Latin America & Caribbean,6.096,5.954,6.237,1.277,1.083,0.466,0.999,0.122,0.081,0.907
64,Dominican Republic,Latin America & Caribbean,6.093,5.957,6.23,1.664,1.406,0.702,1.015,0.061,0.188,-0.103
65,China,East Asia & Pacific,6.074,5.998,6.15,1.662,0.963,0.905,0.793,0.089,0.161,0.342
66,Kyrgyzstan,Europe & Central Asia,6.049,5.976,6.121,1.296,1.565,0.759,1.108,0.142,0.102,-0.083
67,Republic of Korea,East Asia & Pacific,6.04,5.945,6.134,1.906,1.23,1.028,0.825,0.089,0.149,-0.348
68,Colombia,Latin America & Caribbean,6.04,5.933,6.146,1.586,1.374,0.63,0.915,0.042,0.051,0.281
69,Portugal,Europe & Central Asia,6.029,5.928,6.131,1.83,1.461,0.944,1.005,0.035,0.031,-0.436
70,Croatia,Europe & Central Asia,6.009,5.928,6.09,1.834,1.562,0.737,0.675,0.022,0.095,-0.076
71,Malaysia,East Asia & Pacific,6.005,5.901,6.11,1.766,1.17,0.413,1.109,0.161,0.112,0.115
72,Peru,Latin America & Caribbean,5.974,5.872,6.076,1.535,1.24,0.605,0.849,0.055,0.01,0.52
73,Mauritius,Sub-Saharan Africa,5.939,5.814,6.064,1.707,1.384,0.704,0.926,0.092,0.127,-0.161
74,Hungary,Europe & Central Asia,5.937,5.829,6.044,1.819,1.625,0.633,0.785,0.103,0.056,-0.244
75,Mongolia,East Asia & Pacific,5.936,5.852,6.02,1.558,1.615,0.421,0.752,0.162,0.051,0.216
76,Trinidad and Tobago,Latin America & Caribbean,5.905,5.651,6.159,1.748,1.413,0.49,0.884,0.109,0.0,0.102
77,Republic of Moldova,Europe & Central Asia,5.851,5.741,5.961,1.55,1.277,0.409,0.981,0.053,0.037,0.384
78,Bolivia,Latin America & Caribbean,5.835,5.727,5.943,1.442,1.2,0.36,0.909,0.059,0.038,0.667
79,Russian Federation,Europe & Central Asia,5.834,5.735,5.932,1.821,1.331,0.505,0.809,0.112,0.133,-0.038
80,Venezuela,Latin America & Caribbean,5.756,5.646,5.866,0.0,1.335,0.561,0.846,0.18,0.133,1.541
81,Libya,Middle East & North Africa,5.731,5.65,5.811,1.48,1.136,0.619,0.865,0.099,0.245,0.126
82,North Macedonia,Europe & Central Asia,5.719,5.629,5.809,1.665,1.448,0.581,0.74,0.124,0.013,-0.011
83,Algeria,Middle East & North Africa,5.714,5.587,5.841,1.535,1.275,0.964,0.933,0.057,0.113,-0.323
84,Bulgaria,Europe & Central Asia,5.703,5.611,5.796,1.768,1.587,0.47,0.881,0.059,0.003,-0.225
85,Greece,Europe & Central Asia,5.697,5.584,5.81,1.795,1.257,0.799,0.478,0.023,0.064,0.122
86,Albania,Europe & Central Asia,5.662,5.543,5.782,1.631,1.026,0.782,1.014,0.106,0.06,-0.117
87,Indonesia,East Asia & Pacific,5.617,5.517,5.718,1.512,1.229,0.485,1.043,0.295,0.033,-0.14
88,Tajikistan,Europe & Central Asia,5.591,5.513,5.669,1.18,1.476,0.783,,0.085,0.336,
89,Armenia,Europe & Central Asia,5.584,5.485,5.683,1.608,1.225,1.05,0.914,0.026,0.152,-0.552
90,Hong Kong SAR of China,East Asia & Pacific,5.569,5.49,5.648,1.96,1.33,1.238,0.852,0.09,0.395,-1.455
91,Georgia,Europe & Central Asia,5.517,5.42,5.614,1.669,1.201,0.5,0.988,0.0,0.161,-0.162
92,Lao PDR,East Asia & Pacific,5.515,5.39,5.641,1.357,0.866,0.554,1.065,0.134,0.174,0.206
93,Mozambique,Sub-Saharan Africa,5.336,5.147,5.525,0.839,1.018,0.126,0.888,0.116,0.165,1.022
94,Türkiye,Europe & Central Asia,5.3,5.222,5.379,1.785,1.313,0.692,0.363,0.046,0.099,-0.158
95,Iraq,Middle East & North Africa,5.212,5.103,5.321,1.477,1.127,0.704,0.615,0.087,0.084,-0.043
96,Gabon,Sub-Saharan Africa,5.167,5.03,5.304,1.591,1.003,0.45,0.829,0.043,0.092,-0.001
97,Iran,Middle East & North Africa,5.151,5.029,5.274,1.565,1.249,0.693,0.599,0.189,0.124,-0.427
98,Côte d’Ivoire,Sub-Saharan Africa,5.148,5.018,5.277,1.285,0.694,0.45,0.84,0.1,0.176,0.444
99,Nepal,South Asia,5.147,5.03,5.264,1.2,1.099,0.508,0.887,0.117,0.075,0.1
100,Cameroon,Sub-Saharan Africa,5.083,4.956,5.21,1.191,0.9,0.348,0.821,0.094,0.055,0.515
101,South Africa,Sub-Saharan Africa,5.009,4.885,5.132,1.494,1.285,0.101,0.825,0.064,0.064,0.016
102,Azerbaijan,Europe & Central Asia,4.993,4.913,5.072,1.636,0.979,0.847,0.935,0.058,0.198,-0.82
103,Niger,Sub-Saharan Africa,4.94,4.79,5.09,0.89,0.651,0.3,0.9,0.121,0.115,0.804
104,Pakistan,South Asia,4.868,4.737,4.999,1.224,0.556,0.489,0.564,0.144,0.071,0.659
105,Tunisia,Middle East & North Africa,4.798,4.714,4.883,1.475,1.043,0.442,0.652,0.038,0.071,-0.082
106,Nigeria,Sub-Saharan Africa,4.788,4.665,4.911,1.335,1.083,0.462,0.735,0.151,0.036,-0.174
107,Senegal,Sub-Saharan Africa,4.787,4.673,4.9,1.164,0.882,0.48,0.922,0.114,0.113,-0.049
108,Namibia,Sub-Saharan Africa,4.781,4.679,4.882,1.41,1.411,0.038,0.67,0.048,0.058,-0.015
109,State of Palestine,Middle East & North Africa,4.694,4.588,4.801,1.242,1.335,,0.742,0.073,0.095,
110,Kenya,Sub-Saharan Africa,4.674,4.543,4.804,1.242,0.879,0.518,0.798,0.207,0.093,-0.224
111,Ukraine,Europe & Central Asia,4.658,4.549,4.767,1.547,1.303,0.498,0.722,0.222,0.008,-0.802
112,Morocco,Middle East & North Africa,4.646,4.532,4.759,1.376,0.401,0.674,0.844,0.035,0.086,0.069
113,Guinea,Sub-Saharan Africa,4.609,4.467,4.751,1.132,0.622,0.364,0.866,0.141,0.102,0.221
114,Mali,Sub-Saharan Africa,4.588,4.471,4.705,1.036,0.779,0.381,0.904,0.078,0.105,0.145
115,Ghana,Sub-Saharan Africa,4.554,4.457,4.65,1.297,0.961,0.507,0.932,0.123,0.035,-0.461
116,India,South Asia,4.536,4.47,4.601,1.397,0.732,0.298,1.015,0.121,0.124,-0.312
117,Somalia,Sub-Saharan Africa,4.508,4.393,4.624,0.818,0.791,0.035,0.928,0.155,0.218,0.402
118,Uganda,Sub-Saharan Africa,4.491,4.373,4.61,1.032,1.181,0.449,0.924,0.14,0.043,-0.438
119,Jordan,Middle East & North Africa,4.478,4.354,4.602,1.388,1.055,0.606,0.853,0.053,0.174,-0.812
120,Mauritania,Sub-Saharan Africa,4.473,4.359,4.587,1.272,0.787,0.593,0.593,0.109,0.188,-0.229
121,Cambodia,East Asia & Pacific,4.462,4.354,4.569,1.295,1.075,0.531,1.123,0.148,0.088,-0.959
122,Congo,Sub-Saharan Africa,4.456,4.294,4.617,1.259,0.554,0.391,0.751,0.074,0.123,0.144
123,Burkina Faso,Sub-Saharan Africa,4.455,4.354,4.557,0.995,0.63,0.343,0.82,0.135,0.253,0.12
124,Benin,Sub-Saharan Africa,4.393,4.262,4.525,1.122,0.087,0.409,0.816,0.086,0.243,0.47
125,Chad,Sub-Saharan Africa,4.385,4.252,4.518,0.979,0.676,0.292,0.571,0.151,0.116,0.44
126,Lesotho,Sub-Saharan Africa,4.375,4.17,4.579,1.007,1.135,0.0,0.741,0.057,0.069,0.205
127,Bangladesh,South Asia,4.319,4.197,4.442,1.353,0.245,0.672,1.078,0.111,0.087,-0.386
128,Gambia,Sub-Saharan Africa,4.306,4.21,4.403,1.05,0.853,0.393,0.807,0.223,0.042,-0.222
129,Myanmar,East Asia & Pacific,4.287,4.144,4.43,1.211,0.977,0.488,0.722,0.292,0.16,-0.724
130,Liberia,Sub-Saharan Africa,4.28,4.116,4.444,0.867,0.815,0.386,0.796,0.125,0.066,0.065
131,Togo,Sub-Saharan Africa,4.277,4.17,4.384,1.039,0.572,0.442,0.682,0.085,0.144,0.154
132,Madagascar,Sub-Saharan Africa,4.174,4.062,4.287,0.867,0.71,0.393,0.38,0.118,0.116,0.43
133,Zambia,Sub-Saharan Africa,4.106,3.954,4.259,1.109,0.861,0.25,0.991,0.139,0.101,-0.506
134,Sri Lanka,South Asia,4.013,3.898,4.127,1.496,1.13,0.567,0.872,0.111,0.059,-1.382
135,Ethiopia,Sub-Saharan Africa,3.985,3.879,4.091,1.033,0.854,0.453,0.653,0.144,0.097,-0.407
136,Comoros,Sub-Saharan Africa,3.925,3.752,4.097,1.089,0.352,0.468,0.373,0.118,0.172,0.192
137,Eswatini,Sub-Saharan Africa,3.909,3.752,4.066,1.41,1.036,0.044,0.579,0.055,0.137,-0.513
138,Tanzania,Sub-Saharan Africa,3.902,3.763,4.041,1.108,0.778,0.459,1.006,0.145,0.251,-1.005
139,Egypt,Middle East & North Africa,3.862,3.765,3.958,1.558,0.862,0.521,0.727,0.022,0.097,-1.086
140,DR Congo,Sub-Saharan Africa,3.761,3.609,3.914,0.857,0.792,0.321,0.72,0.146,0.066,-0.3
141,Lebanon,Middle East & North Africa,3.723,3.635,3.811,1.428,1.05,0.416,0.434,0.074,0.057,-0.895
142,Yemen,Middle East & North Africa,3.532,3.306,3.758,0.692,1.292,0.431,0.549,0.084,0.109,-0.786
143,Botswana,Sub-Saharan Africa,3.464,3.335,3.593,1.582,0.989,0.017,0.86,0.022,0.093,-1.259
144,Zimbabwe,Sub-Saharan Africa,3.346,3.244,3.449,1.213,0.782,0.189,0.729,0.056,0.128,-0.909
145,Malawi,Sub-Saharan Africa,3.284,3.153,3.415,0.864,0.326,0.299,0.812,0.109,0.143,-0.43
146,Sierra Leone,Sub-Saharan Africa,3.251,3.147,3.355,1.054,0.692,0.405,0.8,0.131,0.052,-1.043
147,Afghanistan,South Asia,1.446,1.348,1.544,0.921,0.0,0.176,0.0,0.079,0.131,-1.021
